filename,date,coverage_percent,danger
P0-2016042417.jpg,2016-04-24 17:00,92.03,0
P0-2017012917.jpg,2017-01-29 17:00,92.81,0
P0-2017040917.jpg,2017-04-09 17:00,92.29,0
P0-2018032017.jpg,2018-03-20 17:00,92.81,0
P1-2017012917.jpg,2017-01-29 17:00,92.29,0
P1-2018022517.jpg,2018-02-25 17:00,92.29,0
P1-2018031217.jpg,2018-03-12 17:00,92.81,0
P1-2018032017.jpg,2018-03-20 17:00,92.81,0
P1-2018041617.jpg,2018-04-16 17:00,76.73,0
P1-2018070317.jpg,2018-07-03 17:00,22.72,1
P10-2017012917.jpg,2017-01-29 17:00,92.81,0
P10-2017040917.jpg,2017-04-09 17:00,92.81,0
P10-2018020517.jpg,2018-02-05 17:00,92.81,0
P100-2017013017.jpg,2017-01-30 17:00,92.81,0
P100-2018012817.jpg,2018-01-28 17:00,92.81,0
P100-2018030617.jpg,2018-03-06 17:00,92.81,0
P101-2018013017.jpg,2018-01-30 17:00,92.81,0
P101-2018022717.jpg,2018-02-27 17:00,92.81,0
P101-2018030617.jpg,2018-03-06 17:00,92.81,0
P102-2018030617.jpg,2018-03-06 17:00,92.8,0
P102-2018041517.jpg,2018-04-15 17:00,92.81,0
P102-2018042317.jpg,2018-04-23 17:00,92.81,0
P103-2018042317.jpg,2018-04-23 17:00,93.77,0
P103-2018071717.jpg,2018-07-17 17:00,11.2,1
P104-2016032917.jpg,2016-03-29 17:00,92.81,0
P104-2017020517.jpg,2017-02-05 17:00,92.29,0
P104-2017032717.jpg,2017-03-27 17:00,92.29,0
P104-2018031917.jpg,2018-03-19 17:00,92.81,0
P104-2018061017.jpg,2018-06-10 17:00,92.81,0
P104-2018071717.jpg,2018-07-17 17:00,69.61,0
P105-2016032917.jpg,2016-03-29 17:00,92.29,0
P105-2016062717.jpg,2016-06-27 17:00,39.08,1
P105-2017031417.jpg,2017-03-14 17:00,92.29,0
P105-2018042317.jpg,2018-04-23 17:00,92.83,0
P105-2018061017.jpg,2018-06-10 17:00,93.24,0
P105-2018061217.jpg,2018-06-12 17:00,92.57,0
P106-2016032917.jpg,2016-03-29 17:00,92.81,0
P106-2016041117.jpg,2016-04-11 17:00,92.29,0
P106-2016060717.jpg,2016-06-07 17:00,41.77,1
P106-2016071017.jpg,2016-07-10 17:00,34.0,1
P106-2018042317.jpg,2018-04-23 17:00,92.81,0
P107-2018040916.jpg,2018-04-09 16:00,92.81,0
P107-2018042916.jpg,2018-04-29 16:00,92.81,0
P107-2018052916.jpg,2018-05-29 16:00,93.78,0
P107-2018061816.jpg,2018-06-18 16:00,70.77,0
P108-2018011416.jpg,2018-01-14 16:00,92.15,0
P108-2018030516.jpg,2018-03-05 16:00,92.81,0
P109-2018011416.jpg,2018-01-14 16:00,92.29,0
P11-2017032717.jpg,2017-03-27 17:00,92.81,0
P11-2018022017.jpg,2018-02-20 17:00,92.81,0
P11-2018022517.jpg,2018-02-25 17:00,92.08,0
P11-2018032017.jpg,2018-03-20 17:00,92.1,0
P110-2017041717.jpg,2017-04-17 17:00,92.81,0
P110-2018011416.jpg,2018-01-14 16:00,91.97,0
P110-2018032016.jpg,2018-03-20 16:00,92.29,0
P110-2018042416.jpg,2018-04-24 16:00,91.99,0
P110-2018061816.jpg,2018-06-18 16:00,92.29,0
P111-2017041717.jpg,2017-04-17 17:00,92.81,0
P111-2017042416.jpg,2017-04-24 16:00,92.81,0
P111-2018010217.jpg,2018-01-02 17:00,92.29,0
P111-2018040916.jpg,2018-04-09 16:00,92.29,0
P111-2018042416.jpg,2018-04-24 16:00,92.81,0
P111-2018071616.jpg,2018-07-16 16:00,92.81,0
P112-2018010217.jpg,2018-01-02 17:00,92.81,0
P112-2018010717.jpg,2018-01-07 17:00,92.5,0
P112-2018011416.jpg,2018-01-14 16:00,92.29,0
P112-2018040916.jpg,2018-04-09 16:00,92.29,0
P112-2018042416.jpg,2018-04-24 16:00,92.81,0
P113-2016071117.jpg,2016-07-11 17:00,85.72,0
P113-2017020617.jpg,2017-02-06 17:00,92.29,0
P113-2017041717.jpg,2017-04-17 17:00,92.81,0
P113-2018010717.jpg,2018-01-07 17:00,92.81,0
P114-2017020617.jpg,2017-02-06 17:00,92.29,0
P114-2018010916.jpg,2018-01-09 16:00,92.12,0
P114-2018012217.jpg,2018-01-22 17:00,92.81,0
P114-2018071616.jpg,2018-07-16 16:00,93.75,0
P115-2016071117.jpg,2016-07-11 17:00,92.81,0
P115-2017020617.jpg,2017-02-06 17:00,92.81,0
P115-2018071616.jpg,2018-07-16 16:00,93.75,0
P116-2016061417.jpg,2016-06-14 17:00,92.29,0
P116-2016062117.jpg,2016-06-21 17:00,92.29,0
P116-2017013017.jpg,2017-01-30 17:00,92.81,0
P116-2018012217.jpg,2018-01-22 17:00,92.81,0
P116-2018013017.jpg,2018-01-30 17:00,92.29,0
P116-2018022617.jpg,2018-02-26 17:00,92.81,0
P116-2018062417.jpg,2018-06-24 17:00,92.29,0
P116-2018071616.jpg,2018-07-16 16:00,92.81,0
P117-2016062117.jpg,2016-06-21 17:00,92.81,0
P117-2017021917.jpg,2017-02-19 17:00,92.81,0
P117-2018012217.jpg,2018-01-22 17:00,92.81,0
P117-2018013017.jpg,2018-01-30 17:00,92.29,0
P117-2018022617.jpg,2018-02-26 17:00,91.97,0
P117-2018071616.jpg,2018-07-16 16:00,91.24,0
P118-2016062117.jpg,2016-06-21 17:00,92.75,0
P118-2017020617.jpg,2017-02-06 17:00,92.81,0
P118-2017032817.jpg,2017-03-28 17:00,92.81,0
P118-2018012217.jpg,2018-01-22 17:00,92.29,0
P118-2018042216.jpg,2018-04-22 16:00,89.4,0
P119-2017013017.jpg,2017-01-30 17:00,92.81,0
P119-2017032817.jpg,2017-03-28 17:00,92.29,0
P119-2018022617.jpg,2018-02-26 17:00,92.81,0
P119-2018042216.jpg,2018-04-22 16:00,92.81,0
P12-2017012917.jpg,2017-01-29 17:00,92.08,0
P12-2018032017.jpg,2018-03-20 17:00,92.06,0
P12-2018042417.jpg,2018-04-24 17:00,92.81,0
P120-2018062617.jpg,2018-06-26 17:00,12.36,1
P121-2016032917.jpg,2016-03-29 17:00,92.6,0
P121-2018031917.jpg,2018-03-19 17:00,92.81,0
P121-2018041517.jpg,2018-04-15 17:00,92.81,0
P121-2018062417.jpg,2018-06-24 17:00,13.15,1
P122-2017013017.jpg,2017-01-30 17:00,92.63,0
P122-2018030417.jpg,2018-03-04 17:00,92.81,0
P122-2018040817.jpg,2018-04-08 17:00,92.81,0
P123-2018041517.jpg,2018-04-15 17:00,92.81,0
P123-2018061217.jpg,2018-06-12 17:00,92.81,0
P123-2018070217.jpg,2018-07-02 17:00,92.29,0
P123-2018071717.jpg,2018-07-17 17:00,92.29,0
P124-2016032917.jpg,2016-03-29 17:00,92.81,0
P124-2016060717.jpg,2016-06-07 17:00,92.29,0
P124-2016062717.jpg,2016-06-27 17:00,79.98,0
P124-2017032717.jpg,2017-03-27 17:00,92.81,0
P125-2017041116.jpg,2017-04-11 16:00,92.29,0
P125-2017050116.jpg,2017-05-01 16:00,92.32,0
P125-2018060516.jpg,2018-06-05 16:00,92.69,0
P127-2017041116.jpg,2017-04-11 16:00,92.29,0
P127-2018061016.jpg,2018-06-10 16:00,92.29,0
P128-2017050116.jpg,2017-05-01 16:00,92.81,0
P128-2018012116.jpg,2018-01-21 16:00,92.81,0
P128-2018040916.jpg,2018-04-09 16:00,92.81,0
P128-2018061016.jpg,2018-06-10 16:00,92.14,0
P128-2018062516.jpg,2018-06-25 16:00,36.99,1
P129-2018050116.jpg,2018-05-01 16:00,92.81,0
P129-2018062516.jpg,2018-06-25 16:00,92.04,0
P13-2016042417.jpg,2016-04-24 17:00,92.81,0
P13-2017031317.jpg,2017-03-13 17:00,92.81,0
P13-2018031817.jpg,2018-03-18 17:00,92.81,0
P13-2018032517.jpg,2018-03-25 17:00,92.81,0
P13-2018042917.jpg,2018-04-29 17:00,92.01,0
P13-2018071617.jpg,2018-07-16 17:00,37.4,1
P130-2017022016.jpg,2017-02-20 16:00,92.81,0
P130-2017052116.jpg,2017-05-21 16:00,92.29,0
P130-2018011416.jpg,2018-01-14 16:00,92.81,0
P130-2018032016.jpg,2018-03-20 16:00,92.81,0
P131-2018011416.jpg,2018-01-14 16:00,92.29,0
P131-2018040916.jpg,2018-04-09 16:00,92.81,0
P132-2017042416.jpg,2017-04-24 16:00,92.81,0
P132-2018032016.jpg,2018-03-20 16:00,92.81,0
P132-2018042416.jpg,2018-04-24 16:00,92.81,0
P133-2018012916.jpg,2018-01-29 16:00,92.29,0
P133-2018040916.jpg,2018-04-09 16:00,92.81,0
P134-2017041717.jpg,2017-04-17 17:00,92.29,0
P134-2018040916.jpg,2018-04-09 16:00,92.81,0
P134-2018071616.jpg,2018-07-16 16:00,92.29,0
P135-2017020617.jpg,2017-02-06 17:00,84.75,0
P135-2017041717.jpg,2017-04-17 17:00,92.81,0
P135-2017042416.jpg,2017-04-24 16:00,92.81,0
P135-2018012916.jpg,2018-01-29 16:00,92.29,0
P135-2018061816.jpg,2018-06-18 16:00,93.78,0
P136-2017020617.jpg,2017-02-06 17:00,92.78,0
P136-2017041717.jpg,2017-04-17 17:00,92.81,0
P136-2018012916.jpg,2018-01-29 16:00,92.29,0
P136-2018032016.jpg,2018-03-20 16:00,92.81,0
P136-2018040916.jpg,2018-04-09 16:00,92.29,0
P136-2018042416.jpg,2018-04-24 16:00,92.29,0
P137-2017032817.jpg,2017-03-28 17:00,92.81,0
P137-2018012916.jpg,2018-01-29 16:00,92.81,0
P137-2018042416.jpg,2018-04-24 16:00,92.81,0
P138-2018012217.jpg,2018-01-22 17:00,92.81,0
P139-2017032817.jpg,2017-03-28 17:00,92.81,0
P139-2018022617.jpg,2018-02-26 17:00,92.85,0
P139-2018042216.jpg,2018-04-22 16:00,92.81,0
P14-2016111317.jpg,2016-11-13 17:00,92.81,0
P14-2017012917.jpg,2017-01-29 17:00,92.81,0
P14-2017071117.jpg,2017-07-11 17:00,87.33,0
P14-2018031817.jpg,2018-03-18 17:00,92.29,0
P14-2018032517.jpg,2018-03-25 17:00,92.29,0
P140-2016020217.jpg,2016-02-02 17:00,92.81,0
P140-2017020617.jpg,2017-02-06 17:00,92.09,0
P140-2017032817.jpg,2017-03-28 17:00,92.54,0
P141-2016062117.jpg,2016-06-21 17:00,85.37,0
P141-2017050717.jpg,2017-05-07 17:00,91.83,0
P141-2018030617.jpg,2018-03-06 17:00,92.81,0
P141-2018072417.jpg,2018-07-24 17:00,63.27,0
P142-2018022617.jpg,2018-02-26 17:00,92.81,0
P142-2018030617.jpg,2018-03-06 17:00,92.81,0
P142-2018042216.jpg,2018-04-22 16:00,92.81,0
P142-2018070117.jpg,2018-07-01 17:00,47.93,1
P142-2018072417.jpg,2018-07-24 17:00,26.65,1
P143-2016020217.jpg,2016-02-02 17:00,92.58,0
P143-2017013017.jpg,2017-01-30 17:00,92.81,0
P143-2017021917.jpg,2017-02-19 17:00,92.81,0
P143-2018022617.jpg,2018-02-26 17:00,92.81,0
P143-2018030617.jpg,2018-03-06 17:00,92.81,0
P143-2018031817.jpg,2018-03-18 17:00,92.81,0
P143-2018042216.jpg,2018-04-22 16:00,92.81,0
P143-2018052217.jpg,2018-05-22 17:00,8.68,1
P143-2018070117.jpg,2018-07-01 17:00,4.28,1
P143-2018071616.jpg,2018-07-16 16:00,3.09,1
P143-2018072417.jpg,2018-07-24 17:00,2.91,1
P144-2018062417.jpg,2018-06-24 17:00,86.91,0
P144-2018071616.jpg,2018-07-16 16:00,58.64,1
P145-2018061217.jpg,2018-06-12 17:00,92.29,0
P145-2018062417.jpg,2018-06-24 17:00,93.73,0
P145-2018071717.jpg,2018-07-17 17:00,92.29,0
P146-2018041517.jpg,2018-04-15 17:00,92.81,0
P146-2018071717.jpg,2018-07-17 17:00,58.78,1
P146-2018072417.jpg,2018-07-24 17:00,38.07,1
P147-2016060717.jpg,2016-06-07 17:00,51.69,1
P147-2017031417.jpg,2017-03-14 17:00,92.81,0
P147-2018071717.jpg,2018-07-17 17:00,60.58,0
P148-2017020716.jpg,2017-02-07 16:00,92.81,0
P148-2018042316.jpg,2018-04-23 16:00,92.29,0
P148-2018072216.jpg,2018-07-22 16:00,87.09,0
P149-2016030716.jpg,2016-03-07 16:00,92.81,0
P149-2018062516.jpg,2018-06-25 16:00,50.52,1
P15-2018031917.jpg,2018-03-19 17:00,92.81,0
P15-2018050817.jpg,2018-05-08 17:00,89.88,0
P15-2018072217.jpg,2018-07-22 17:00,77.03,0
P150-2017010816.jpg,2017-01-08 16:00,92.81,0
P150-2018022716.jpg,2018-02-27 16:00,92.29,0
P150-2018050816.jpg,2018-05-08 16:00,89.41,0
P151-2018021216.jpg,2018-02-12 16:00,92.81,0
P151-2018062516.jpg,2018-06-25 16:00,79.68,0
P152-2017010816.jpg,2017-01-08 16:00,92.13,0
P152-2017041116.jpg,2017-04-11 16:00,89.33,0
P152-2018060516.jpg,2018-06-05 16:00,92.29,0
P153-2018012116.jpg,2018-01-21 16:00,92.81,0
P153-2018062516.jpg,2018-06-25 16:00,62.78,0
P154-2017041116.jpg,2017-04-11 16:00,92.81,0
P155-2018062516.jpg,2018-06-25 16:00,78.02,0
P156-2017022016.jpg,2017-02-20 16:00,92.29,0
P156-2017050116.jpg,2017-05-01 16:00,92.81,0
P156-2018050116.jpg,2018-05-01 16:00,92.81,0
P157-2016041916.jpg,2016-04-19 16:00,92.81,0
P157-2017022016.jpg,2017-02-20 16:00,92.81,0
P157-2017041116.jpg,2017-04-11 16:00,92.81,0
P157-2017042416.jpg,2017-04-24 16:00,92.81,0
P158-2017052116.jpg,2017-05-21 16:00,92.29,0
P158-2018010916.jpg,2018-01-09 16:00,92.81,0
P158-2018011416.jpg,2018-01-14 16:00,92.81,0
P158-2018050116.jpg,2018-05-01 16:00,92.81,0
P158-2018071016.jpg,2018-07-10 16:00,93.77,0
P159-2017041116.jpg,2017-04-11 16:00,92.29,0
P159-2018010916.jpg,2018-01-09 16:00,92.81,0
P16-2018012117.jpg,2018-01-21 17:00,92.7,0
P16-2018041617.jpg,2018-04-16 17:00,92.81,0
P160-2017013116.jpg,2017-01-31 16:00,92.81,0
P160-2018010916.jpg,2018-01-09 16:00,92.81,0
P160-2018060516.jpg,2018-06-05 16:00,92.81,0
P160-2018071016.jpg,2018-07-10 16:00,93.74,0
P161-2016032016.jpg,2016-03-20 16:00,92.81,0
P161-2018040916.jpg,2018-04-09 16:00,92.81,0
P162-2017042416.jpg,2017-04-24 16:00,92.29,0
P162-2018032016.jpg,2018-03-20 16:00,92.81,0
P162-2018061816.jpg,2018-06-18 16:00,93.79,0
P163-2017020617.jpg,2017-02-06 17:00,92.29,0
P163-2017032817.jpg,2017-03-28 17:00,92.81,0
P163-2017040416.jpg,2017-04-04 16:00,92.81,0
P163-2018040916.jpg,2018-04-09 16:00,92.81,0
P163-2018042416.jpg,2018-04-24 16:00,92.81,0
P164-2017020617.jpg,2017-02-06 17:00,92.59,0
P164-2017032817.jpg,2017-03-28 17:00,92.81,0
P164-2017040416.jpg,2017-04-04 16:00,92.81,0
P164-2018042416.jpg,2018-04-24 16:00,92.81,0
P165-2018012916.jpg,2018-01-29 16:00,92.81,0
P166-2016020217.jpg,2016-02-02 17:00,92.81,0
P166-2017020617.jpg,2017-02-06 17:00,92.29,0
P166-2017032817.jpg,2017-03-28 17:00,92.29,0
P166-2017040416.jpg,2017-04-04 16:00,92.29,0
P167-2016062816.jpg,2016-06-28 16:00,8.97,1
P167-2016071117.jpg,2016-07-11 17:00,9.11,1
P167-2017032817.jpg,2017-03-28 17:00,92.29,0
P167-2017040416.jpg,2017-04-04 16:00,92.29,0
P167-2017050717.jpg,2017-05-07 17:00,92.29,0
P167-2018022617.jpg,2018-02-26 17:00,92.29,0
P168-2016020217.jpg,2016-02-02 17:00,92.81,0
P168-2017050717.jpg,2017-05-07 17:00,92.81,0
P168-2018022617.jpg,2018-02-26 17:00,92.81,0
P169-2016020217.jpg,2016-02-02 17:00,92.06,0
P169-2017020617.jpg,2017-02-06 17:00,92.81,0
P169-2017050717.jpg,2017-05-07 17:00,92.29,0
P169-2018022617.jpg,2018-02-26 17:00,92.81,0
P170-2016020217.jpg,2016-02-02 17:00,92.81,0
P170-2016021517.jpg,2016-02-15 17:00,92.81,0
P170-2017050717.jpg,2017-05-07 17:00,92.81,0
P171-2016110117.jpg,2016-11-01 17:00,45.53,1
P171-2018062417.jpg,2018-06-24 17:00,73.62,0
P172-2017020617.jpg,2017-02-06 17:00,92.81,0
P172-2018041517.jpg,2018-04-15 17:00,92.52,0
P172-2018042216.jpg,2018-04-22 16:00,92.81,0
P173-2017020617.jpg,2017-02-06 17:00,92.66,0
P173-2017032117.jpg,2017-03-21 17:00,92.29,0
P173-2018070217.jpg,2018-07-02 17:00,93.74,0
P174-2018030417.jpg,2018-03-04 17:00,92.81,0
P174-2018031917.jpg,2018-03-19 17:00,92.67,0
P174-2018051317.jpg,2018-05-13 17:00,92.4,0
P174-2018060417.jpg,2018-06-04 17:00,92.81,0
P175-2018050816.jpg,2018-05-08 16:00,92.29,0
P176-2018050816.jpg,2018-05-08 16:00,92.29,0
P176-2018072216.jpg,2018-07-22 16:00,22.26,1
P18-2018022017.jpg,2018-02-20 17:00,92.29,0
P180-2018042316.jpg,2018-04-23 16:00,92.81,0
P182-2017041116.jpg,2017-04-11 16:00,92.81,0
P182-2017052816.jpg,2017-05-28 16:00,92.81,0
P182-2018012316.jpg,2018-01-23 16:00,92.81,0
P183-2018050116.jpg,2018-05-01 16:00,92.81,0
P183-2018062516.jpg,2018-06-25 16:00,84.72,0
P185-2017052116.jpg,2017-05-21 16:00,92.29,0
P186-2017041116.jpg,2017-04-11 16:00,92.03,0
P186-2018071016.jpg,2018-07-10 16:00,92.81,0
P187-2017041116.jpg,2017-04-11 16:00,92.81,0
P187-2017052116.jpg,2017-05-21 16:00,92.29,0
P187-2018071016.jpg,2018-07-10 16:00,92.81,0
P188-2018010916.jpg,2018-01-09 16:00,92.81,0
P188-2018032016.jpg,2018-03-20 16:00,92.81,0
P189-2017013116.jpg,2017-01-31 16:00,92.59,0
P189-2018032016.jpg,2018-03-20 16:00,92.29,0
P189-2018040916.jpg,2018-04-09 16:00,92.81,0
P190-2017022016.jpg,2017-02-20 16:00,92.81,0
P190-2018070316.jpg,2018-07-03 16:00,77.56,0
P191-2017022016.jpg,2017-02-20 16:00,92.71,0
P191-2017040416.jpg,2017-04-04 16:00,92.81,0
P192-2017013116.jpg,2017-01-31 16:00,92.0,0
P192-2017021316.jpg,2017-02-13 16:00,92.81,0
P192-2018061816.jpg,2018-06-18 16:00,92.29,0
P192-2018071016.jpg,2018-07-10 16:00,92.29,0
P193-2017021316.jpg,2017-02-13 16:00,92.81,0
P193-2017040416.jpg,2017-04-04 16:00,92.81,0
P193-2018070316.jpg,2018-07-03 16:00,92.81,0
P194-2016062117.jpg,2016-06-21 17:00,25.86,1
P194-2017021316.jpg,2017-02-13 16:00,92.1,0
P194-2018061116.jpg,2018-06-11 16:00,92.29,0
P195-2017020617.jpg,2017-02-06 17:00,92.81,0
P195-2017021316.jpg,2017-02-13 16:00,92.81,0
P195-2017032817.jpg,2017-03-28 17:00,92.81,0
P195-2018070117.jpg,2018-07-01 17:00,55.77,1
P196-2018022617.jpg,2018-02-26 17:00,92.67,0
P196-2018030516.jpg,2018-03-05 16:00,92.81,0
P197-2016062816.jpg,2016-06-28 16:00,21.12,1
P197-2018022617.jpg,2018-02-26 17:00,92.81,0
P198-2016020217.jpg,2016-02-02 17:00,92.81,0
P199-2016062816.jpg,2016-06-28 16:00,85.69,0
P199-2018040916.jpg,2018-04-09 16:00,92.81,0
P199-2018042216.jpg,2018-04-22 16:00,92.29,0
P2-2018011417.jpg,2018-01-14 17:00,92.29,0
P20-2018012117.jpg,2018-01-21 17:00,92.81,0
P20-2018061017.jpg,2018-06-10 17:00,43.48,1
P200-2018042216.jpg,2018-04-22 16:00,92.62,0
P201-2017020617.jpg,2017-02-06 17:00,92.81,0
P201-2018041517.jpg,2018-04-15 17:00,92.65,0
P201-2018060417.jpg,2018-06-04 17:00,93.76,0
P202-2018062417.jpg,2018-06-24 17:00,92.81,0
P202-2018070117.jpg,2018-07-01 17:00,93.79,0
P202-2018071616.jpg,2018-07-16 16:00,93.77,0
P203-2017070916.jpg,2017-07-09 16:00,47.4,1
P203-2018062416.jpg,2018-06-24 16:00,45.53,1
P204-2018072216.jpg,2018-07-22 16:00,6.25,1
P205-2017060416.jpg,2017-06-04 16:00,87.36,0
P205-2017070916.jpg,2017-07-09 16:00,0.54,1
P205-2018043016.jpg,2018-04-30 16:00,92.12,0
P206-2017070916.jpg,2017-07-09 16:00,3.65,1
P206-2018041516.jpg,2018-04-15 16:00,92.81,0
P206-2018062416.jpg,2018-06-24 16:00,36.1,1
P206-2018072216.jpg,2018-07-22 16:00,3.61,1
P207-2016041016.jpg,2016-04-10 16:00,92.11,0
P207-2018011516.jpg,2018-01-15 16:00,92.62,0
P208-2018072216.jpg,2018-07-22 16:00,20.01,1
P209-2018072216.jpg,2018-07-22 16:00,32.85,1
P21-2017020517.jpg,2017-02-05 17:00,92.05,0
P21-2018022517.jpg,2018-02-25 17:00,92.81,0
P210-2017052816.jpg,2017-05-28 16:00,55.17,1
P211-2018012316.jpg,2018-01-23 16:00,92.81,0
P212-2018072216.jpg,2018-07-22 16:00,28.56,1
P213-2017052816.jpg,2017-05-28 16:00,93.56,0
P213-2018073016.jpg,2018-07-30 16:00,3.91,1
P214-2016071216.jpg,2016-07-12 16:00,0.85,1
P214-2017041116.jpg,2017-04-11 16:00,92.81,0
P214-2017052816.jpg,2017-05-28 16:00,88.53,0
P214-2018031916.jpg,2018-03-19 16:00,92.29,0
P215-2017020716.jpg,2017-02-07 16:00,92.51,0
P215-2017052816.jpg,2017-05-28 16:00,67.36,0
P216-2017022016.jpg,2017-02-20 16:00,92.51,0
P216-2017052816.jpg,2017-05-28 16:00,36.63,1
P216-2018012316.jpg,2018-01-23 16:00,92.81,0
P216-2018061216.jpg,2018-06-12 16:00,87.49,0
P217-2017022016.jpg,2017-02-20 16:00,92.56,0
P217-2018012116.jpg,2018-01-21 16:00,92.58,0
P218-2018073016.jpg,2018-07-30 16:00,74.02,0
P219-2017040416.jpg,2017-04-04 16:00,92.81,0
P219-2018070316.jpg,2018-07-03 16:00,93.78,0
P219-2018073016.jpg,2018-07-30 16:00,49.32,1
P22-2016070317.jpg,2016-07-03 17:00,54.34,1
P22-2017020517.jpg,2017-02-05 17:00,92.81,0
P22-2017040917.jpg,2017-04-09 17:00,92.81,0
P22-2018022517.jpg,2018-02-25 17:00,92.81,0
P22-2018031217.jpg,2018-03-12 17:00,92.29,0
P220-2017013116.jpg,2017-01-31 16:00,92.81,0
P221-2017021316.jpg,2017-02-13 16:00,92.81,0
P222-2016070516.jpg,2016-07-05 16:00,24.73,1
P222-2017040416.jpg,2017-04-04 16:00,92.81,0
P223-2016062816.jpg,2016-06-28 16:00,17.85,1
P223-2018031216.jpg,2018-03-12 16:00,92.29,0
P225-2016062816.jpg,2016-06-28 16:00,64.59,0
P226-2016062816.jpg,2016-06-28 16:00,90.64,0
P226-2017032817.jpg,2017-03-28 17:00,92.81,0
P227-2018061116.jpg,2018-06-11 16:00,84.05,0
P229-2017032817.jpg,2017-03-28 17:00,92.81,0
P229-2018031317.jpg,2018-03-13 17:00,92.81,0
P23-2017032717.jpg,2017-03-27 17:00,92.58,0
P23-2017041617.jpg,2017-04-16 17:00,92.29,0
P230-2016032016.jpg,2016-03-20 16:00,92.81,0
P230-2018070117.jpg,2018-07-01 17:00,92.81,0
P232-2017060416.jpg,2017-06-04 16:00,81.29,0
P232-2018041016.jpg,2018-04-10 16:00,92.81,0
P232-2018070916.jpg,2018-07-09 16:00,82.31,0
P233-2018043016.jpg,2018-04-30 16:00,92.29,0
P234-2018062416.jpg,2018-06-24 16:00,53.03,1
P235-2018062416.jpg,2018-06-24 16:00,79.82,0
P236-2016041016.jpg,2016-04-10 16:00,92.81,0
P237-2018011516.jpg,2018-01-15 16:00,92.81,0
P237-2018041516.jpg,2018-04-15 16:00,92.81,0
P238-2017052816.jpg,2017-05-28 16:00,92.14,0
P238-2018012316.jpg,2018-01-23 16:00,92.81,0
P239-2017052816.jpg,2017-05-28 16:00,28.16,1
P239-2018061216.jpg,2018-06-12 16:00,68.91,0
P239-2018062416.jpg,2018-06-24 16:00,16.81,1
P24-2017012917.jpg,2017-01-29 17:00,92.58,0
P24-2018042917.jpg,2018-04-29 17:00,88.55,0
P240-2018011516.jpg,2018-01-15 16:00,92.29,0
P240-2018013016.jpg,2018-01-30 16:00,92.81,0
P240-2018061216.jpg,2018-06-12 16:00,73.58,0
P241-2017021416.jpg,2017-02-14 16:00,92.81,0
P241-2017052816.jpg,2017-05-28 16:00,86.4,0
P242-2017052816.jpg,2017-05-28 16:00,93.77,0
P242-2018022716.jpg,2018-02-27 16:00,92.81,0
P242-2018061216.jpg,2018-06-12 16:00,93.79,0
P243-2017052816.jpg,2017-05-28 16:00,90.37,0
P245-2017013116.jpg,2017-01-31 16:00,92.11,0
P245-2018073016.jpg,2018-07-30 16:00,53.47,1
P246-2017052816.jpg,2017-05-28 16:00,92.81,0
P246-2018072216.jpg,2018-07-22 16:00,53.9,1
P246-2018073016.jpg,2018-07-30 16:00,53.92,1
P247-2016112916.jpg,2016-11-29 16:00,40.29,1
P247-2017052816.jpg,2017-05-28 16:00,43.81,1
P247-2017070216.jpg,2017-07-02 16:00,17.92,1
P247-2018072216.jpg,2018-07-22 16:00,17.83,1
P248-2017052816.jpg,2017-05-28 16:00,38.03,1
P248-2018061216.jpg,2018-06-12 16:00,93.73,0
P248-2018073016.jpg,2018-07-30 16:00,42.59,1
P249-2018072216.jpg,2018-07-22 16:00,64.84,0
P25-2016062617.jpg,2016-06-26 17:00,91.84,0
P25-2017012917.jpg,2017-01-29 17:00,92.81,0
P25-2017040917.jpg,2017-04-09 17:00,92.29,0
P25-2017071117.jpg,2017-07-11 17:00,79.24,0
P25-2018032517.jpg,2018-03-25 17:00,92.81,0
P25-2018042417.jpg,2018-04-24 17:00,92.29,0
P25-2018042917.jpg,2018-04-29 17:00,92.81,0
P250-2017052816.jpg,2017-05-28 16:00,88.48,0
P250-2017070216.jpg,2017-07-02 16:00,36.56,1
P250-2017072516.jpg,2017-07-25 16:00,36.4,1
P252-2016062816.jpg,2016-06-28 16:00,56.1,1
P253-2016062816.jpg,2016-06-28 16:00,3.61,1
P254-2016062816.jpg,2016-06-28 16:00,83.4,0
P256-2017040416.jpg,2017-04-04 16:00,92.81,0
P256-2017072516.jpg,2017-07-25 16:00,73.66,0
P258-2017020617.jpg,2017-02-06 17:00,92.27,0
P258-2017040416.jpg,2017-04-04 16:00,92.29,0
P259-2018061116.jpg,2018-06-11 16:00,92.81,0
P26-2017021917.jpg,2017-02-19 17:00,92.81,0
P26-2018013017.jpg,2018-01-30 17:00,92.29,0
P26-2018032617.jpg,2018-03-26 17:00,92.81,0
P26-2018043017.jpg,2018-04-30 17:00,92.81,0
P26-2018072217.jpg,2018-07-22 17:00,29.76,1
P260-2016032016.jpg,2016-03-20 16:00,92.05,0
P262-2018013016.jpg,2018-01-30 16:00,92.81,0
P263-2016112916.jpg,2016-11-29 16:00,1.51,1
P263-2017060416.jpg,2017-06-04 16:00,1.58,1
P263-2018012316.jpg,2018-01-23 16:00,92.81,0
P263-2018013016.jpg,2018-01-30 16:00,92.81,0
P264-2017052816.jpg,2017-05-28 16:00,81.81,0
P264-2017070216.jpg,2017-07-02 16:00,1.58,1
P264-2018011516.jpg,2018-01-15 16:00,92.81,0
P264-2018012316.jpg,2018-01-23 16:00,92.81,0
P264-2018072216.jpg,2018-07-22 16:00,1.54,1
P265-2016071216.jpg,2016-07-12 16:00,17.52,1
P265-2017060416.jpg,2017-06-04 16:00,54.41,1
P265-2018012316.jpg,2018-01-23 16:00,92.81,0
P265-2018060416.jpg,2018-06-04 16:00,92.81,0
P266-2016071216.jpg,2016-07-12 16:00,57.42,1
P266-2016112916.jpg,2016-11-29 16:00,60.35,0
P266-2017052816.jpg,2017-05-28 16:00,78.73,0
P267-2016112916.jpg,2016-11-29 16:00,92.29,0
P267-2017052816.jpg,2017-05-28 16:00,92.29,0
P267-2018061216.jpg,2018-06-12 16:00,92.13,0
P268-2017070216.jpg,2017-07-02 16:00,92.54,0
P27-2017013017.jpg,2017-01-30 17:00,92.81,0
P27-2017021917.jpg,2017-02-19 17:00,92.66,0
P27-2018040817.jpg,2018-04-08 17:00,92.81,0
P270-2018072216.jpg,2018-07-22 16:00,71.29,0
P271-2017052816.jpg,2017-05-28 16:00,90.46,0
P271-2018061716.jpg,2018-06-17 16:00,93.79,0
P272-2018061216.jpg,2018-06-12 16:00,92.81,0
P273-2018071016.jpg,2018-07-10 16:00,2.72,1
P274-2016062816.jpg,2016-06-28 16:00,77.94,0
P274-2018071016.jpg,2018-07-10 16:00,75.49,0
P275-2016041916.jpg,2016-04-19 16:00,92.81,0
P275-2016062816.jpg,2016-06-28 16:00,92.29,0
P275-2017040416.jpg,2017-04-04 16:00,86.39,0
P275-2017072516.jpg,2017-07-25 16:00,91.13,0
P275-2018071016.jpg,2018-07-10 16:00,92.29,0
P276-2016030716.jpg,2016-03-07 16:00,92.81,0
P276-2017022016.jpg,2017-02-20 16:00,92.52,0
P276-2017040416.jpg,2017-04-04 16:00,92.02,0
P277-2016070516.jpg,2016-07-05 16:00,75.11,0
P277-2017042416.jpg,2017-04-24 16:00,92.81,0
P278-2016070516.jpg,2016-07-05 16:00,52.76,1
P278-2017042416.jpg,2017-04-24 16:00,92.81,0
P278-2018041616.jpg,2018-04-16 16:00,92.81,0
P279-2016070516.jpg,2016-07-05 16:00,87.65,0
P279-2017022016.jpg,2017-02-20 16:00,92.81,0
P28-2017031417.jpg,2017-03-14 17:00,92.81,0
P28-2018040817.jpg,2018-04-08 17:00,92.81,0
P280-2017070916.jpg,2017-07-09 16:00,76.26,0
P281-2017070916.jpg,2017-07-09 16:00,92.65,0
P281-2018060416.jpg,2018-06-04 16:00,92.29,0
P282-2016071216.jpg,2016-07-12 16:00,44.83,1
P282-2017070216.jpg,2017-07-02 16:00,44.82,1
P282-2017072516.jpg,2017-07-25 16:00,38.92,1
P283-2018061216.jpg,2018-06-12 16:00,92.81,0
P283-2018070216.jpg,2018-07-02 16:00,46.91,1
P284-2017020716.jpg,2017-02-07 16:00,92.59,0
P284-2017072516.jpg,2017-07-25 16:00,15.51,1
P284-2018041616.jpg,2018-04-16 16:00,92.27,0
P285-2018041616.jpg,2018-04-16 16:00,92.29,0
P286-2018061016.jpg,2018-06-10 16:00,76.89,0
P288-2017022016.jpg,2017-02-20 16:00,92.81,0
P288-2017070216.jpg,2017-07-02 16:00,80.95,0
P288-2018072216.jpg,2018-07-22 16:00,81.32,0
P289-2017040416.jpg,2017-04-04 16:00,92.81,0
P289-2017070216.jpg,2017-07-02 16:00,91.91,0
P289-2018061216.jpg,2018-06-12 16:00,91.97,0
P289-2018061716.jpg,2018-06-17 16:00,92.0,0
P29-2018012117.jpg,2018-01-21 17:00,92.81,0
P290-2016030716.jpg,2016-03-07 16:00,92.81,0
P290-2016032016.jpg,2016-03-20 16:00,92.29,0
P290-2017042416.jpg,2017-04-24 16:00,92.29,0
P290-2018041616.jpg,2018-04-16 16:00,92.29,0
P291-2016030716.jpg,2016-03-07 16:00,92.58,0
P291-2018070316.jpg,2018-07-03 16:00,92.0,0
P292-2016071216.jpg,2016-07-12 16:00,73.82,0
P292-2017070216.jpg,2017-07-02 16:00,73.78,0
P292-2018030616.jpg,2018-03-06 16:00,92.56,0
P293-2017020716.jpg,2017-02-07 16:00,92.81,0
P293-2018070216.jpg,2018-07-02 16:00,52.43,1
P295-2017070216.jpg,2017-07-02 16:00,2.33,1
P295-2018030416.jpg,2018-03-04 16:00,92.69,0
P296-2017070216.jpg,2017-07-02 16:00,91.54,0
P297-2018072216.jpg,2018-07-22 16:00,92.29,0
P298-2017070216.jpg,2017-07-02 16:00,91.58,0
P299-2018071716.jpg,2018-07-17 16:00,87.97,0
P3-2016062617.jpg,2016-06-26 17:00,43.39,1
P3-2017040917.jpg,2017-04-09 17:00,92.81,0
P3-2018031817.jpg,2018-03-18 17:00,92.57,0
P3-2018042417.jpg,2018-04-24 17:00,92.81,0
P3-2018062617.jpg,2018-06-26 17:00,44.06,1
P30-2018012117.jpg,2018-01-21 17:00,92.81,0
P30-2018031217.jpg,2018-03-12 17:00,92.81,0
P30-2018041617.jpg,2018-04-16 17:00,92.81,0
P300-2018030416.jpg,2018-03-04 16:00,92.29,0
P300-2018061216.jpg,2018-06-12 16:00,93.79,0
P301-2017060416.jpg,2017-06-04 16:00,92.81,0
P301-2018012216.jpg,2018-01-22 16:00,92.29,0
P302-2016071916.jpg,2016-07-19 16:00,16.23,1
P302-2018072416.jpg,2018-07-24 16:00,16.32,1
P304-2016071916.jpg,2016-07-19 16:00,17.33,1
P305-2018061216.jpg,2018-06-12 16:00,93.53,0
P306-2018041516.jpg,2018-04-15 16:00,92.81,0
P307-2016071916.jpg,2016-07-19 16:00,8.72,1
P307-2017060416.jpg,2017-06-04 16:00,78.63,0
P307-2018041716.jpg,2018-04-17 16:00,92.29,0
P307-2018072416.jpg,2018-07-24 16:00,8.38,1
P308-2018041716.jpg,2018-04-17 16:00,92.81,0
P309-2016072616.jpg,2016-07-26 16:00,17.22,1
P31-2017031417.jpg,2017-03-14 17:00,92.81,0
P31-2018012117.jpg,2018-01-21 17:00,92.81,0
P311-2017070316.jpg,2017-07-03 16:00,92.29,0
P312-2017061816.jpg,2017-06-18 16:00,87.56,0
P312-2018042416.jpg,2018-04-24 16:00,92.81,0
P313-2017070316.jpg,2017-07-03 16:00,87.26,0
P313-2017072316.jpg,2017-07-23 16:00,84.41,0
P314-2016072616.jpg,2016-07-26 16:00,63.3,0
P314-2017070316.jpg,2017-07-03 16:00,64.4,0
P315-2018032016.jpg,2018-03-20 16:00,92.81,0
P316-2017061816.jpg,2017-06-18 16:00,91.83,0
P316-2018032016.jpg,2018-03-20 16:00,92.81,0
P317-2017061816.jpg,2017-06-18 16:00,29.8,1
P318-2016072616.jpg,2016-07-26 16:00,91.88,0
P319-2018041516.jpg,2018-04-15 16:00,92.56,0
P319-2018072416.jpg,2018-07-24 16:00,79.98,0
P32-2017020517.jpg,2017-02-05 17:00,92.81,0
P32-2017031417.jpg,2017-03-14 17:00,92.81,0
P32-2017032717.jpg,2017-03-27 17:00,92.29,0
P32-2018031217.jpg,2018-03-12 17:00,92.81,0
P32-2018040817.jpg,2018-04-08 17:00,92.29,0
P32-2018041617.jpg,2018-04-16 17:00,92.81,0
P320-2016072616.jpg,2016-07-26 16:00,92.29,0
P321-2016072616.jpg,2016-07-26 16:00,82.27,0
P321-2018052216.jpg,2018-05-22 16:00,92.29,0
P322-2016032816.jpg,2016-03-28 16:00,92.6,0
P322-2016072616.jpg,2016-07-26 16:00,68.57,0
P323-2018041516.jpg,2018-04-15 16:00,92.81,0
P324-2017061816.jpg,2017-06-18 16:00,83.2,0
P324-2018010916.jpg,2018-01-09 16:00,92.29,0
P325-2017052916.jpg,2017-05-29 16:00,85.21,0
P325-2017070316.jpg,2017-07-03 16:00,46.67,1
P327-2017052916.jpg,2017-05-29 16:00,93.78,0
P328-2017070316.jpg,2017-07-03 16:00,2.39,1
P328-2018032016.jpg,2018-03-20 16:00,92.81,0
P329-2018032016.jpg,2018-03-20 16:00,92.81,0
P329-2018041716.jpg,2018-04-17 16:00,92.81,0
P33-2018012117.jpg,2018-01-21 17:00,92.81,0
P33-2018031217.jpg,2018-03-12 17:00,92.29,0
P330-2017061816.jpg,2017-06-18 16:00,92.81,0
P331-2018042416.jpg,2018-04-24 16:00,90.39,0
P332-2018032016.jpg,2018-03-20 16:00,92.59,0
P335-2016072616.jpg,2016-07-26 16:00,92.25,0
P335-2018061816.jpg,2018-06-18 16:00,92.29,0
P336-2016072616.jpg,2016-07-26 16:00,62.26,0
P336-2018061816.jpg,2018-06-18 16:00,80.3,0
P337-2016072616.jpg,2016-07-26 16:00,41.71,1
P337-2018052216.jpg,2018-05-22 16:00,41.23,1
P338-2016032816.jpg,2016-03-28 16:00,92.81,0
P338-2017072316.jpg,2017-07-23 16:00,50.44,1
P338-2018052216.jpg,2018-05-22 16:00,92.81,0
P338-2018070116.jpg,2018-07-01 16:00,72.53,0
P340-2017070916.jpg,2017-07-09 16:00,92.81,0
P341-2016071916.jpg,2016-07-19 16:00,90.18,0
P341-2017072416.jpg,2017-07-24 16:00,89.89,0
P341-2018041716.jpg,2018-04-17 16:00,92.29,0
P344-2017052916.jpg,2017-05-29 16:00,69.43,0
P344-2017070316.jpg,2017-07-03 16:00,71.35,0
P344-2018042916.jpg,2018-04-29 16:00,92.5,0
P346-2017050916.jpg,2017-05-09 16:00,91.83,0
P346-2017052916.jpg,2017-05-29 16:00,92.81,0
P346-2017061816.jpg,2017-06-18 16:00,92.81,0
P346-2018041615.jpg,2018-04-16 15:00,92.29,0
P346-2018062515.jpg,2018-06-25 15:00,89.57,0
P347-2017052916.jpg,2017-05-29 16:00,89.42,0
P347-2017061816.jpg,2017-06-18 16:00,89.06,0
P347-2018032715.jpg,2018-03-27 15:00,92.29,0
P347-2018041615.jpg,2018-04-16 15:00,92.29,0
P348-2017052916.jpg,2017-05-29 16:00,93.78,0
P348-2018042916.jpg,2018-04-29 16:00,92.09,0
P35-2017012917.jpg,2017-01-29 17:00,92.09,0
P35-2017020517.jpg,2017-02-05 17:00,92.81,0
P351-2016050115.jpg,2016-05-01 15:00,90.52,0
P352-2016050115.jpg,2016-05-01 15:00,17.61,1
P352-2018032016.jpg,2018-03-20 16:00,92.81,0
P352-2018032715.jpg,2018-03-27 15:00,92.53,0
P354-2016050115.jpg,2016-05-01 15:00,92.5,0
P355-2016050115.jpg,2016-05-01 15:00,88.91,0
P355-2018070116.jpg,2018-07-01 16:00,92.81,0
P357-2018052216.jpg,2018-05-22 16:00,66.49,0
P357-2018070116.jpg,2018-07-01 16:00,43.18,1
P358-2018041716.jpg,2018-04-17 16:00,92.29,0
P358-2018070116.jpg,2018-07-01 16:00,92.81,0
P36-2016041117.jpg,2016-04-11 17:00,92.81,0
P36-2016070317.jpg,2016-07-03 17:00,14.39,1
P36-2017012917.jpg,2017-01-29 17:00,92.81,0
P36-2017040917.jpg,2017-04-09 17:00,92.81,0
P36-2018042417.jpg,2018-04-24 17:00,93.79,0
P36-2018061017.jpg,2018-06-10 17:00,40.96,1
P36-2018071517.jpg,2018-07-15 17:00,12.14,1
P36-2018072317.jpg,2018-07-23 17:00,10.98,1
P361-2016032816.jpg,2016-03-28 16:00,92.81,0
P361-2016072616.jpg,2016-07-26 16:00,23.48,1
P361-2018041716.jpg,2018-04-17 16:00,92.81,0
P362-2016072616.jpg,2016-07-26 16:00,86.65,0
P362-2018022616.jpg,2018-02-26 16:00,92.81,0
P363-2018012315.jpg,2018-01-23 15:00,92.81,0
P366-2018041615.jpg,2018-04-16 15:00,92.29,0
P368-2018032715.jpg,2018-03-27 15:00,92.54,0
P37-2017012917.jpg,2017-01-29 17:00,92.68,0
P37-2017032717.jpg,2017-03-27 17:00,92.29,0
P370-2017061816.jpg,2017-06-18 16:00,92.81,0
P370-2017070316.jpg,2017-07-03 16:00,12.7,1
P371-2017061816.jpg,2017-06-18 16:00,93.79,0
P372-2016050115.jpg,2016-05-01 15:00,61.17,0
P372-2017051615.jpg,2017-05-16 15:00,92.81,0
P372-2018062515.jpg,2018-06-25 15:00,42.75,1
P373-2018060315.jpg,2018-06-03 15:00,63.89,0
P374-2016050115.jpg,2016-05-01 15:00,92.29,0
P375-2018041615.jpg,2018-04-16 15:00,92.81,0
P375-2018061816.jpg,2018-06-18 16:00,87.13,0
P376-2016050115.jpg,2016-05-01 15:00,92.81,0
P376-2018061816.jpg,2018-06-18 16:00,58.84,1
P376-2018070816.jpg,2018-07-08 16:00,77.73,0
P377-2016050115.jpg,2016-05-01 15:00,92.29,0
P377-2018041615.jpg,2018-04-16 15:00,92.24,0
P377-2018050615.jpg,2018-05-06 15:00,92.81,0
P377-2018061816.jpg,2018-06-18 16:00,91.22,0
P379-2018041615.jpg,2018-04-16 15:00,92.54,0
P38-2018022617.jpg,2018-02-26 17:00,92.81,0
P38-2018042217.jpg,2018-04-22 17:00,92.81,0
P38-2018060317.jpg,2018-06-03 17:00,92.29,0
P38-2018071617.jpg,2018-07-16 17:00,81.97,0
P380-2018042915.jpg,2018-04-29 15:00,92.52,0
P380-2018050615.jpg,2018-05-06 15:00,92.29,0
P380-2018073015.jpg,2018-07-30 15:00,84.94,0
P381-2016050115.jpg,2016-05-01 15:00,92.81,0
P382-2017030715.jpg,2017-03-07 15:00,92.81,0
P382-2018042416.jpg,2018-04-24 16:00,91.11,0
P382-2018070116.jpg,2018-07-01 16:00,92.81,0
P382-2018070816.jpg,2018-07-08 16:00,88.27,0
P383-2016032816.jpg,2016-03-28 16:00,92.67,0
P383-2017072316.jpg,2017-07-23 16:00,90.16,0
P383-2018032015.jpg,2018-03-20 15:00,92.81,0
P383-2018070816.jpg,2018-07-08 16:00,87.99,0
P384-2017011615.jpg,2017-01-16 15:00,92.81,0
P387-2017012315.jpg,2017-01-23 15:00,92.29,0
P387-2017070215.jpg,2017-07-02 15:00,91.84,0
P387-2018032715.jpg,2018-03-27 15:00,92.81,0
P387-2018072215.jpg,2018-07-22 15:00,55.11,1
P388-2017051615.jpg,2017-05-16 15:00,92.79,0
P388-2017070215.jpg,2017-07-02 15:00,64.78,0
P388-2018072215.jpg,2018-07-22 15:00,28.36,1
P39-2018043017.jpg,2018-04-30 17:00,92.14,0
P39-2018061917.jpg,2018-06-19 17:00,69.99,0
P390-2017070215.jpg,2017-07-02 15:00,15.74,1
P391-2017070215.jpg,2017-07-02 15:00,78.98,0
P391-2018072215.jpg,2018-07-22 15:00,77.22,0
P392-2016050115.jpg,2016-05-01 15:00,92.29,0
P392-2016050815.jpg,2016-05-08 15:00,92.29,0
P392-2017051615.jpg,2017-05-16 15:00,93.79,0
P392-2018061715.jpg,2018-06-17 15:00,91.09,0
P393-2016050115.jpg,2016-05-01 15:00,92.81,0
P393-2016050815.jpg,2016-05-08 15:00,92.81,0
P393-2017051615.jpg,2017-05-16 15:00,93.78,0
P393-2018041615.jpg,2018-04-16 15:00,92.81,0
P393-2018051315.jpg,2018-05-13 15:00,92.81,0
P393-2018062515.jpg,2018-06-25 15:00,92.81,0
P394-2018031915.jpg,2018-03-19 15:00,92.81,0
P395-2016050115.jpg,2016-05-01 15:00,92.81,0
P395-2018041615.jpg,2018-04-16 15:00,92.81,0
P395-2018062515.jpg,2018-06-25 15:00,92.1,0
P396-2018041615.jpg,2018-04-16 15:00,92.57,0
P397-2018042315.jpg,2018-04-23 15:00,92.29,0
P398-2016041815.jpg,2016-04-18 15:00,92.3,0
P398-2017071015.jpg,2017-07-10 15:00,93.73,0
P398-2018022515.jpg,2018-02-25 15:00,92.81,0
P398-2018060315.jpg,2018-06-03 15:00,93.78,0
P398-2018061215.jpg,2018-06-12 15:00,92.64,0
P398-2018062515.jpg,2018-06-25 15:00,93.79,0
P398-2018070816.jpg,2018-07-08 16:00,93.77,0
P399-2018052115.jpg,2018-05-21 15:00,92.81,0
P399-2018061215.jpg,2018-06-12 15:00,92.51,0
P399-2018062515.jpg,2018-06-25 15:00,92.29,0
P399-2018070816.jpg,2018-07-08 16:00,92.81,0
P4-2017040917.jpg,2017-04-09 17:00,92.81,0
P4-2018031817.jpg,2018-03-18 17:00,92.81,0
P40-2017021917.jpg,2017-02-19 17:00,92.81,0
P40-2017041017.jpg,2017-04-10 17:00,92.81,0
P40-2017043017.jpg,2017-04-30 17:00,92.0,0
P40-2017122617.jpg,2017-12-26 17:00,92.81,0
P40-2018032617.jpg,2018-03-26 17:00,92.81,0
P400-2018042915.jpg,2018-04-29 15:00,92.18,0
P401-2017030715.jpg,2017-03-07 15:00,92.81,0
P401-2017072515.jpg,2017-07-25 15:00,85.84,0
P401-2018041615.jpg,2018-04-16 15:00,92.81,0
P401-2018070215.jpg,2018-07-02 15:00,92.81,0
P401-2018070816.jpg,2018-07-08 16:00,92.81,0
P402-2018031915.jpg,2018-03-19 15:00,92.29,0
P402-2018041615.jpg,2018-04-16 15:00,92.81,0
P402-2018070816.jpg,2018-07-08 16:00,92.81,0
P403-2018070215.jpg,2018-07-02 15:00,93.4,0
P405-2017012315.jpg,2017-01-23 15:00,92.81,0
P406-2017012315.jpg,2017-01-23 15:00,92.27,0
P41-2016061417.jpg,2016-06-14 17:00,92.61,0
P41-2016062717.jpg,2016-06-27 17:00,92.29,0
P41-2017013017.jpg,2017-01-30 17:00,89.65,0
P41-2017021917.jpg,2017-02-19 17:00,92.71,0
P41-2017122617.jpg,2017-12-26 17:00,92.81,0
P41-2018012317.jpg,2018-01-23 17:00,92.81,0
P41-2018022717.jpg,2018-02-27 17:00,92.52,0
P410-2018041615.jpg,2018-04-16 15:00,92.26,0
P410-2018061715.jpg,2018-06-17 15:00,92.81,0
P410-2018062515.jpg,2018-06-25 15:00,87.73,0
P411-2016041815.jpg,2016-04-18 15:00,92.81,0
P411-2018041615.jpg,2018-04-16 15:00,92.79,0
P411-2018061715.jpg,2018-06-17 15:00,93.79,0
P412-2016041815.jpg,2016-04-18 15:00,92.81,0
P413-2018061715.jpg,2018-06-17 15:00,92.29,0
P414-2016041815.jpg,2016-04-18 15:00,92.17,0
P414-2018031915.jpg,2018-03-19 15:00,92.81,0
P414-2018061215.jpg,2018-06-12 15:00,92.29,0
P415-2018061215.jpg,2018-06-12 15:00,91.98,0
P416-2017071015.jpg,2017-07-10 15:00,92.42,0
P416-2018061715.jpg,2018-06-17 15:00,92.81,0
P416-2018062515.jpg,2018-06-25 15:00,89.73,0
P416-2018070215.jpg,2018-07-02 15:00,92.06,0
P417-2016050115.jpg,2016-05-01 15:00,92.81,0
P42-2016061417.jpg,2016-06-14 17:00,92.29,0
P42-2016062717.jpg,2016-06-27 17:00,92.29,0
P42-2017031417.jpg,2017-03-14 17:00,92.81,0
P424-2018013015.jpg,2018-01-30 15:00,92.29,0
P424-2018030615.jpg,2018-03-06 15:00,92.81,0
P425-2018041515.jpg,2018-04-15 15:00,92.53,0
P425-2018072215.jpg,2018-07-22 15:00,32.95,1
P425-2018072415.jpg,2018-07-24 15:00,35.68,1
P427-2017012315.jpg,2017-01-23 15:00,92.81,0
P427-2018030615.jpg,2018-03-06 15:00,92.81,0
P428-2017012315.jpg,2017-01-23 15:00,93.08,0
P43-2017021917.jpg,2017-02-19 17:00,92.81,0
P43-2017041017.jpg,2017-04-10 17:00,92.81,0
P43-2018013017.jpg,2018-01-30 17:00,92.81,0
P43-2018022717.jpg,2018-02-27 17:00,92.12,0
P43-2018031917.jpg,2018-03-19 17:00,92.81,0
P43-2018040817.jpg,2018-04-08 17:00,92.81,0
P430-2016041815.jpg,2016-04-18 15:00,92.81,0
P430-2018061715.jpg,2018-06-17 15:00,16.64,1
P432-2016041815.jpg,2016-04-18 15:00,92.81,0
P432-2018061715.jpg,2018-06-17 15:00,34.23,1
P434-2018061715.jpg,2018-06-17 15:00,48.67,1
P435-2018030415.jpg,2018-03-04 15:00,92.81,0
P435-2018031915.jpg,2018-03-19 15:00,92.81,0
P44-2018012317.jpg,2018-01-23 17:00,92.81,0
P44-2018031917.jpg,2018-03-19 17:00,92.81,0
P44-2018040817.jpg,2018-04-08 17:00,92.81,0
P445-2016121815.jpg,2016-12-18 15:00,90.75,0
P445-2018041715.jpg,2018-04-17 15:00,89.69,0
P446-2016030615.jpg,2016-03-06 15:00,92.81,0
P446-2016050215.jpg,2016-05-02 15:00,88.91,0
P446-2018013015.jpg,2018-01-30 15:00,92.81,0
P446-2018042215.jpg,2018-04-22 15:00,89.07,0
P447-2017061915.jpg,2017-06-19 15:00,12.45,1
P447-2018041015.jpg,2018-04-10 15:00,92.81,0
P448-2018030615.jpg,2018-03-06 15:00,92.29,0
P448-2018043015.jpg,2018-04-30 15:00,92.81,0
P45-2018012817.jpg,2018-01-28 17:00,92.81,0
P45-2018040817.jpg,2018-04-08 17:00,92.81,0
P450-2016030615.jpg,2016-03-06 15:00,92.81,0
P46-2017031417.jpg,2017-03-14 17:00,92.81,0
P46-2017032717.jpg,2017-03-27 17:00,92.81,0
P46-2018012117.jpg,2018-01-21 17:00,92.81,0
P46-2018042317.jpg,2018-04-23 17:00,92.81,0
P467-2017011015.jpg,2017-01-10 15:00,92.81,0
P467-2018021115.jpg,2018-02-11 15:00,92.81,0
P467-2018041515.jpg,2018-04-15 15:00,92.81,0
P468-2018013015.jpg,2018-01-30 15:00,92.81,0
P468-2018040215.jpg,2018-04-02 15:00,92.81,0
P468-2018042215.jpg,2018-04-22 15:00,92.81,0
P468-2018061115.jpg,2018-06-11 15:00,92.29,0
P469-2016030615.jpg,2016-03-06 15:00,92.81,0
P469-2016121815.jpg,2016-12-18 15:00,74.8,0
P469-2017053015.jpg,2017-05-30 15:00,92.81,0
P47-2017020517.jpg,2017-02-05 17:00,92.29,0
P47-2017072517.jpg,2017-07-25 17:00,92.8,0
P47-2018061217.jpg,2018-06-12 17:00,86.85,0
P471-2018031115.jpg,2018-03-11 15:00,93.79,0
P48-2017031417.jpg,2017-03-14 17:00,92.81,0
P48-2017032717.jpg,2017-03-27 17:00,92.81,0
P48-2018022517.jpg,2018-02-25 17:00,92.81,0
P48-2018031217.jpg,2018-03-12 17:00,92.13,0
P489-2018042215.jpg,2018-04-22 15:00,92.77,0
P49-2018022517.jpg,2018-02-25 17:00,92.81,0
P490-2018040215.jpg,2018-04-02 15:00,92.81,0
P490-2018061115.jpg,2018-06-11 15:00,86.22,0
P491-2018041715.jpg,2018-04-17 15:00,92.81,0
P492-2018041715.jpg,2018-04-17 15:00,92.81,0
P493-2016050215.jpg,2016-05-02 15:00,43.34,1
P5-2016062717.jpg,2016-06-27 17:00,71.69,0
P5-2017021217.jpg,2017-02-12 17:00,92.81,0
P5-2018012317.jpg,2018-01-23 17:00,92.81,0
P5-2018031917.jpg,2018-03-19 17:00,92.81,0
P5-2018052817.jpg,2018-05-28 17:00,74.81,0
P5-2018061017.jpg,2018-06-10 17:00,74.45,0
P50-2017020517.jpg,2017-02-05 17:00,92.29,0
P509-2016052915.jpg,2016-05-29 15:00,92.29,0
P509-2016111515.jpg,2016-11-15 15:00,86.76,0
P509-2017012415.jpg,2017-01-24 15:00,93.18,0
P509-2017021315.jpg,2017-02-13 15:00,92.89,0
P509-2018021115.jpg,2018-02-11 15:00,92.85,0
P51-2017020517.jpg,2017-02-05 17:00,92.81,0
P51-2018071017.jpg,2018-07-10 17:00,27.18,1
P52-2016070317.jpg,2016-07-03 17:00,69.13,0
P52-2016071017.jpg,2016-07-10 17:00,67.62,0
P52-2018050117.jpg,2018-05-01 17:00,92.81,0
P52-2018070317.jpg,2018-07-03 17:00,82.08,0
P53-2017013017.jpg,2017-01-30 17:00,92.81,0
P53-2017021917.jpg,2017-02-19 17:00,92.81,0
P53-2017041017.jpg,2017-04-10 17:00,92.81,0
P53-2017041717.jpg,2017-04-17 17:00,92.81,0
P54-2017032817.jpg,2017-03-28 17:00,92.81,0
P54-2017041017.jpg,2017-04-10 17:00,92.13,0
P54-2018041517.jpg,2018-04-15 17:00,92.81,0
P54-2018041717.jpg,2018-04-17 17:00,92.81,0
P54-2018071616.jpg,2018-07-16 16:00,32.89,1
P545-2017012415.jpg,2017-01-24 15:00,92.59,0
P545-2017021315.jpg,2017-02-13 15:00,92.32,0
P545-2017110715.jpg,2017-11-07 15:00,70.29,0
P55-2016071117.jpg,2016-07-11 17:00,60.29,0
P55-2017041717.jpg,2017-04-17 17:00,92.81,0
P55-2017043017.jpg,2017-04-30 17:00,91.97,0
P55-2018010217.jpg,2018-01-02 17:00,92.81,0
P55-2018012217.jpg,2018-01-22 17:00,92.57,0
P55-2018041717.jpg,2018-04-17 17:00,92.29,0
P55-2018061117.jpg,2018-06-11 17:00,92.29,0
P55-2018062417.jpg,2018-06-24 17:00,82.15,0
P55-2018071616.jpg,2018-07-16 16:00,1.79,1
P56-2017013017.jpg,2017-01-30 17:00,92.81,0
P56-2017032817.jpg,2017-03-28 17:00,92.81,0
P56-2017043017.jpg,2017-04-30 17:00,92.81,0
P56-2018010217.jpg,2018-01-02 17:00,92.55,0
P56-2018012217.jpg,2018-01-22 17:00,92.81,0
P56-2018013017.jpg,2018-01-30 17:00,92.81,0
P56-2018043017.jpg,2018-04-30 17:00,92.81,0
P56-2018071616.jpg,2018-07-16 16:00,88.68,0
P57-2016061417.jpg,2016-06-14 17:00,92.29,0
P58-2017021917.jpg,2017-02-19 17:00,92.81,0
P58-2017041017.jpg,2017-04-10 17:00,92.81,0
P59-2016061417.jpg,2016-06-14 17:00,92.29,0
P59-2016062717.jpg,2016-06-27 17:00,92.29,0
P59-2018031917.jpg,2018-03-19 17:00,92.81,0
P59-2018040817.jpg,2018-04-08 17:00,92.81,0
P6-2017031417.jpg,2017-03-14 17:00,92.81,0
P6-2018010817.jpg,2018-01-08 17:00,92.81,0
P6-2018040817.jpg,2018-04-08 17:00,92.81,0
P6-2018050117.jpg,2018-05-01 17:00,80.27,0
P6-2018062517.jpg,2018-06-25 17:00,50.71,1
P60-2017021917.jpg,2017-02-19 17:00,92.81,0
P60-2017041017.jpg,2017-04-10 17:00,92.81,0
P60-2018012317.jpg,2018-01-23 17:00,92.81,0
P60-2018022717.jpg,2018-02-27 17:00,92.29,0
P60-2018061217.jpg,2018-06-12 17:00,92.29,0
P61-2018030417.jpg,2018-03-04 17:00,92.81,0
P61-2018031917.jpg,2018-03-19 17:00,92.81,0
P61-2018040817.jpg,2018-04-08 17:00,92.81,0
P62-2016061417.jpg,2016-06-14 17:00,93.66,0
P62-2017021917.jpg,2017-02-19 17:00,92.81,0
P62-2018013017.jpg,2018-01-30 17:00,92.81,0
P62-2018062417.jpg,2018-06-24 17:00,92.81,0
P63-2017032717.jpg,2017-03-27 17:00,92.81,0
P64-2017031417.jpg,2017-03-14 17:00,92.81,0
P64-2018012817.jpg,2018-01-28 17:00,92.29,0
P65-2017020517.jpg,2017-02-05 17:00,92.81,0
P65-2018022717.jpg,2018-02-27 17:00,92.81,0
P65-2018031217.jpg,2018-03-12 17:00,92.81,0
P65-2018040817.jpg,2018-04-08 17:00,92.81,0
P66-2017020517.jpg,2017-02-05 17:00,92.04,0
P66-2017031417.jpg,2017-03-14 17:00,92.81,0
P66-2018022717.jpg,2018-02-27 17:00,92.81,0
P66-2018042317.jpg,2018-04-23 17:00,92.81,0
P67-2018022517.jpg,2018-02-25 17:00,92.81,0
P68-2018050117.jpg,2018-05-01 17:00,91.76,0
P68-2018070317.jpg,2018-07-03 17:00,20.93,1
P69-2016041117.jpg,2016-04-11 17:00,92.49,0
P7-2018031217.jpg,2018-03-12 17:00,92.81,0
P7-2018041617.jpg,2018-04-16 17:00,89.4,0
P7-2018061017.jpg,2018-06-10 17:00,57.6,1
P70-2017032817.jpg,2017-03-28 17:00,92.16,0
P70-2018061117.jpg,2018-06-11 17:00,87.65,0
P71-2016121817.jpg,2016-12-18 17:00,92.25,0
P71-2018012217.jpg,2018-01-22 17:00,92.62,0
P71-2018061117.jpg,2018-06-11 17:00,88.48,0
P72-2017032817.jpg,2017-03-28 17:00,92.81,0
P72-2018012217.jpg,2018-01-22 17:00,92.81,0
P72-2018041717.jpg,2018-04-17 17:00,92.81,0
P73-2016071117.jpg,2016-07-11 17:00,92.81,0
P73-2017020617.jpg,2017-02-06 17:00,92.81,0
P73-2017041017.jpg,2017-04-10 17:00,92.04,0
P74-2017041017.jpg,2017-04-10 17:00,92.29,0
P74-2018010217.jpg,2018-01-02 17:00,92.81,0
P74-2018010717.jpg,2018-01-07 17:00,92.81,0
P74-2018011517.jpg,2018-01-15 17:00,92.04,0
P74-2018012217.jpg,2018-01-22 17:00,92.81,0
P74-2018032617.jpg,2018-03-26 17:00,92.29,0
P74-2018043017.jpg,2018-04-30 17:00,92.81,0
P74-2018062617.jpg,2018-06-26 17:00,93.76,0
P75-2016010317.jpg,2016-01-03 17:00,92.81,0
P75-2017020617.jpg,2017-02-06 17:00,92.81,0
P75-2018010717.jpg,2018-01-07 17:00,92.81,0
P75-2018012217.jpg,2018-01-22 17:00,92.29,0
P75-2018013017.jpg,2018-01-30 17:00,91.98,0
P76-2016061417.jpg,2016-06-14 17:00,92.29,0
P76-2017041017.jpg,2017-04-10 17:00,92.81,0
P76-2018010717.jpg,2018-01-07 17:00,92.05,0
P76-2018012217.jpg,2018-01-22 17:00,92.81,0
P77-2017021917.jpg,2017-02-19 17:00,92.81,0
P77-2018013017.jpg,2018-01-30 17:00,92.29,0
P78-2017021917.jpg,2017-02-19 17:00,92.81,0
P78-2018030417.jpg,2018-03-04 17:00,92.81,0
P78-2018031917.jpg,2018-03-19 17:00,92.29,0
P79-2018012317.jpg,2018-01-23 17:00,92.81,0
P79-2018022717.jpg,2018-02-27 17:00,92.81,0
P79-2018061217.jpg,2018-06-12 17:00,93.79,0
P79-2018070917.jpg,2018-07-09 17:00,32.52,1
P8-2017032717.jpg,2017-03-27 17:00,92.29,0
P80-2017013017.jpg,2017-01-30 17:00,92.81,0
P80-2018012817.jpg,2018-01-28 17:00,92.81,0
P80-2018031917.jpg,2018-03-19 17:00,91.83,0
P81-2018012817.jpg,2018-01-28 17:00,92.81,0
P81-2018030617.jpg,2018-03-06 17:00,92.81,0
P82-2017013017.jpg,2017-01-30 17:00,92.81,0
P82-2018012817.jpg,2018-01-28 17:00,92.52,0
P82-2018031917.jpg,2018-03-19 17:00,92.81,0
P82-2018040817.jpg,2018-04-08 17:00,92.28,0
P83-2016032917.jpg,2016-03-29 17:00,92.81,0
P83-2017020517.jpg,2017-02-05 17:00,92.81,0
P83-2018022517.jpg,2018-02-25 17:00,92.81,0
P83-2018031917.jpg,2018-03-19 17:00,92.81,0
P83-2018042317.jpg,2018-04-23 17:00,92.81,0
P83-2018050117.jpg,2018-05-01 17:00,92.1,0
P84-2018022717.jpg,2018-02-27 17:00,92.81,0
P84-2018040817.jpg,2018-04-08 17:00,92.81,0
P84-2018042317.jpg,2018-04-23 17:00,92.81,0
P84-2018061217.jpg,2018-06-12 17:00,6.03,1
P84-2018071517.jpg,2018-07-15 17:00,1.7,1
P85-2016032917.jpg,2016-03-29 17:00,92.58,0
P85-2016071017.jpg,2016-07-10 17:00,4.49,1
P85-2018040817.jpg,2018-04-08 17:00,92.81,0
P85-2018050817.jpg,2018-05-08 17:00,92.79,0
P85-2018052817.jpg,2018-05-28 17:00,84.36,0
P85-2018061217.jpg,2018-06-12 17:00,78.76,0
P85-2018071517.jpg,2018-07-15 17:00,4.7,1
P86-2018042317.jpg,2018-04-23 17:00,92.81,0
P86-2018060517.jpg,2018-06-05 17:00,92.81,0
P86-2018071517.jpg,2018-07-15 17:00,54.91,1
P87-2017041617.jpg,2017-04-16 17:00,92.81,0
P87-2018042417.jpg,2018-04-24 17:00,92.81,0
P87-2018050117.jpg,2018-05-01 17:00,92.81,0
P87-2018060517.jpg,2018-06-05 17:00,92.29,0
P87-2018071517.jpg,2018-07-15 17:00,92.29,0
P88-2018010916.jpg,2018-01-09 16:00,92.81,0
P88-2018011416.jpg,2018-01-14 16:00,92.29,0
P88-2018030516.jpg,2018-03-05 16:00,92.29,0
P88-2018052916.jpg,2018-05-29 16:00,92.18,0
P89-2017050717.jpg,2017-05-07 17:00,92.81,0
P89-2018010217.jpg,2018-01-02 17:00,92.19,0
P89-2018010717.jpg,2018-01-07 17:00,92.81,0
P89-2018012217.jpg,2018-01-22 17:00,92.81,0
P89-2018050717.jpg,2018-05-07 17:00,93.78,0
P9-2018031217.jpg,2018-03-12 17:00,92.81,0
P9-2018032017.jpg,2018-03-20 17:00,92.04,0
P90-2017041717.jpg,2017-04-17 17:00,92.81,0
P90-2017050717.jpg,2017-05-07 17:00,92.81,0
P90-2018010217.jpg,2018-01-02 17:00,92.81,0
P90-2018011416.jpg,2018-01-14 16:00,92.54,0
P90-2018032016.jpg,2018-03-20 16:00,92.29,0
P90-2018052916.jpg,2018-05-29 16:00,92.29,0
P90-2018061816.jpg,2018-06-18 16:00,92.19,0
P91-2016071117.jpg,2016-07-11 17:00,92.81,0
P91-2017041717.jpg,2017-04-17 17:00,92.81,0
P91-2017050717.jpg,2017-05-07 17:00,92.81,0
P91-2018010717.jpg,2018-01-07 17:00,92.81,0
P91-2018012217.jpg,2018-01-22 17:00,92.81,0
P92-2016071117.jpg,2016-07-11 17:00,90.67,0
P92-2017032817.jpg,2017-03-28 17:00,92.81,0
P92-2017041717.jpg,2017-04-17 17:00,92.81,0
P92-2018010217.jpg,2018-01-02 17:00,92.81,0
P92-2018012217.jpg,2018-01-22 17:00,92.81,0
P92-2018041717.jpg,2018-04-17 17:00,92.81,0
P92-2018062617.jpg,2018-06-26 17:00,92.29,0
P92-2018071616.jpg,2018-07-16 16:00,91.18,0
P94-2017020617.jpg,2017-02-06 17:00,92.29,0
P94-2017041717.jpg,2017-04-17 17:00,92.81,0
P95-2016061417.jpg,2016-06-14 17:00,92.29,0
P95-2017041717.jpg,2017-04-17 17:00,92.81,0
P95-2018011517.jpg,2018-01-15 17:00,92.81,0
P95-2018070917.jpg,2018-07-09 17:00,93.77,0
P96-2016071117.jpg,2016-07-11 17:00,88.86,0
P96-2017020617.jpg,2017-02-06 17:00,92.81,0
P96-2018011517.jpg,2018-01-15 17:00,92.81,0
P96-2018012217.jpg,2018-01-22 17:00,92.81,0
P96-2018013017.jpg,2018-01-30 17:00,92.14,0
P97-2016020217.jpg,2016-02-02 17:00,92.81,0
P97-2016061417.jpg,2016-06-14 17:00,92.29,0
P97-2018022617.jpg,2018-02-26 17:00,92.81,0
P98-2017013017.jpg,2017-01-30 17:00,92.81,0
P98-2018043017.jpg,2018-04-30 17:00,92.81,0
P98-2018061116.jpg,2018-06-11 16:00,92.29,0
P99-2018062417.jpg,2018-06-24 17:00,93.78,0
